URL,Last crawled
https://beekle.jp/knowledge/agile-vs-waterfall/,2026-02-08
https://beekle.jp/knowledge/auth-implementation/,2026-01-13
https://beekle.jp/knowledge/containerization/,2026-01-03
https://beekle.jp/knowledge/incident-response/,2025-12-29
https://beekle.jp/knowledge/cloud-services/,2025-12-26
https://beekle.jp/knowledge/quality-maintenance/,2025-12-21
https://beekle.jp/knowledge/development-environment/,2025-12-20
https://beekle.jp/knowledge/database-design/,2025-12-07
https://beekle.jp/knowledge/requirement-definition/,2025-12-02
https://beekle.jp/knowledge/devops/,2025-11-28
https://beekle.jp/knowledge/infrastructure-monitoring/,2025-11-26
https://beekle.jp/knowledge/team-development/,2025-11-26
https://beekle.jp/knowledge/cicd/,2025-11-24
https://beekle.jp/knowledge/development-process/,2025-11-23
https://beekle.jp/knowledge/frontend-tech/,2025-11-23
https://beekle.jp/knowledge/microservices/,2025-11-21
https://beekle.jp/knowledge/security-basics/,2025-11-18
https://beekle.jp/knowledge/project-management/,2025-11-16
https://beekle.jp/knowledge/backend-tech/,2025-11-16
https://beekle.jp/knowledge/team-development,2025-11-11
https://beekle.jp/knowledge/cicd,2025-11-06
https://beekle.jp/knowledge/development-process,2025-11-06