Top pages,Clicks,Impressions,CTR,Position
https://beekle.jp/,67,262,25.57%,2.36
https://beekle.jp/members,25,245,10.2%,3.16
https://beekle.jp/company,20,630,3.17%,3.04
https://beekle.jp/services/ai-development/,6,630,0.95%,30.44
https://beekle.jp/prooffirst,4,268,1.49%,4.61
https://beekle.jp/contact,4,69,5.8%,3.3
https://beekle.jp/development-issues,3,113,2.65%,40.4
https://beekle.jp/column/progress-check-points,3,86,3.49%,6.99
https://beekle.jp/column/project-management-complete-guide,2,159,1.26%,18.88
https://beekle.jp/testimonial,2,43,4.65%,4.77
https://beekle.jp/column/avoid-unused-system,2,37,5.41%,6.32
https://beekle.jp/services/no-code-development/,2,33,6.06%,18.15
https://beekle.jp/column,2,19,10.53%,16.26
https://beekle.jp/column/7hhc1tib7dft,1,170,0.59%,17.1
https://beekle.jp/case-studies,1,64,1.56%,6.75
https://beekle.jp/column/estimate-complete-guide,1,48,2.08%,13.69
https://beekle.jp/services/ai-b2b-website/,1,41,2.44%,9.54
https://beekle.jp/column/common-mistakes,1,36,2.78%,26.67
https://beekle.jp/services/cdp-development/,0,636,0%,39.73
https://beekle.jp/column/project-management-01,0,76,0%,8.99
https://beekle.jp/column/project-management-steps,0,71,0%,8.03
https://beekle.jp/strengths,0,56,0%,3.07
https://beekle.jp/services/prototype-poc/,0,29,0%,9.14
https://beekle.jp/services/web-mobile-development/,0,25,0%,8
https://beekle.jp/column/fast-development/01-free-poc-guide/,0,20,0%,4.25
https://beekle.jp/services/global-service/,0,19,0%,4.32
https://beekle.jp/privacy,0,18,0%,4.94
https://beekle.jp/column/communication-complete-guide,0,13,0%,7.69
https://beekle.jp/process,0,9,0%,5.33
https://beekle.jp/column/,0,6,0%,24.83
https://beekle.jp/column/avoid-failure/01-five-reasons-for-failure/,0,3,0%,5
https://beekle.jp/case-studies?page=2,0,3,0%,8.33
https://beekle.jp/materials,0,2,0%,6
https://beekle.jp/column/engineer-communication,0,2,0%,12.5
https://beekle.jp/column/prevent-mismatch,0,1,0%,8
https://beekle.jp/knowledge/,0,1,0%,10