Top queries,Clicks,Impressions,CTR,Position
beekle,40,66,60.61%,1
生成ai 受託開発,1,125,0.8%,13.79
ai 受託開発,1,101,0.99%,38.03
ゼロスタートとは,0,156,0%,4.44
cdp bi,0,127,0%,19.64
マーケティング データ分析 基盤,0,76,0%,40.2
cdp 分析,0,75,0%,58.47
bigquery cdp,0,73,0%,40.9
cdp 顧客分析,0,52,0%,55.58
受託開発 ai,0,50,0%,36.14
ai受託開発,0,37,0%,28.03
cdp 構築,0,37,0%,33.46
システム 受託会社 ai 効果,0,35,0%,57.17
ai 開発 受託開発 流れ,0,31,0%,9.03
ai 開発 受託,0,31,0%,21.35
広告 データ分析 基盤,0,31,0%,73.06
システム開発 プロジェクト管理,0,30,0%,17.8
ai 受託 開発,0,26,0%,31.5
ai 受託,0,26,0%,36.35
コンポーザブルcdp,0,26,0%,60.96
ai 開発 受託開発 導入,0,25,0%,45.68
ai 開発 受託開発,0,24,0%,54.79
システム開発 問題,0,19,0%,34.79
システム開発 失敗 事例,0,18,0%,57.44
システム 受託会社 ai 導入,0,17,0%,44
ai受託開発会社,0,16,0%,48.62
システム 開発 事例,0,16,0%,70.88
cdp データパイプライン,0,15,0%,20.93
システム開発 問題点,0,14,0%,38.71
要件定義 失敗,0,13,0%,9.54
顧客データ基盤,0,13,0%,24.92
cdp 構築 導入,0,13,0%,62.85
システム開発 プロジェクト 失敗 事例,0,12,0%,33.42
プロジェクト管理 開発,0,10,0%,26.7
システム開発業 案件管理,0,7,0%,18.57
ai開発 企業,0,6,0%,1
bekles,0,6,0%,3.67
ゼロスタート,0,6,0%,3.67
システム開発 管理,0,6,0%,12.67
ai 開発 委託,0,6,0%,26.67
cdp bi ダッシュボード,0,5,0%,9.8
システム開発 仕様ズレ,0,5,0%,11.8
ai受託,0,5,0%,22.8
開発管理,0,5,0%,27
要件定義 失敗事例,0,5,0%,33.6
システム開発 見積 内訳,0,5,0%,36
プロジェクト 流れ,0,5,0%,50
システム 受託会社 ai,0,5,0%,97
ゼロベースとは,0,4,0%,1
要件定義 丸投げ,0,4,0%,1
cdp 構成 事例,0,4,0%,25.5
ai 受託開発 支援,0,4,0%,27.25
データ統合基盤 事例,0,4,0%,37.75
システム開発 事例,0,4,0%,44.75
システム開発 チェックリスト,0,4,0%,45.5
システム開発 失敗事例,0,4,0%,56
ga4 crm bi,0,4,0%,87.5
国際マーケティング,0,3,0%,1
aiを使えばアイデアからプロトタイプまでどれくらい早くできるか,0,3,0%,5.33
poc no,0,3,0%,8
ai開発 受託,0,3,0%,17.33
開発計画 立て方,0,3,0%,34
顧客基盤,0,3,0%,45.33
cdp データ統合ツール,0,3,0%,69
cdp 導入後 課題,0,3,0%,74.67
airtable プロジェクト管理,0,3,0%,85
システム開発 失敗 あるある,0,3,0%,86
システム 受託開発 ai,0,3,0%,97.33
翻訳会社,0,2,0%,1
システム原型,0,2,0%,1.5
beckle,0,2,0%,5.5
技術開発 コラム,0,2,0%,10.5
poc開発 課題,0,2,0%,16
techbeans,0,2,0%,17.5
システム開発 依頼 費用 見積もり,0,2,0%,19.5
開発 プロジェクト,0,2,0%,22.5
cdp etl,0,2,0%,25
プロジェクト 進め方,0,2,0%,37
業務システム プロジェクト管理 導入 流れ,0,2,0%,37
プロジェクト管理 採算管理 導入 流れ,0,2,0%,39.5
システム開発 費用 妥当性,0,2,0%,42.5
cdp構築,0,2,0%,47
システム開発 マネジメント,0,2,0%,50
生成ai開発サービス,0,2,0%,55
cdp 顧客データ統合,0,2,0%,64.5
開発失敗,0,2,0%,89.5
ai 開発 企業,0,1,0%,1
ai開発企業,0,1,0%,1
beukel,0,1,0%,1
グローバルマーケット,0,1,0%,1
プロトタイプ,0,1,0%,1
先行事例,0,1,0%,1
確証が持てない,0,1,0%,1
google cdp,0,1,0%,2
開発プロジェクト 進め方,0,1,0%,2
beakle,0,1,0%,3
事例とは,0,1,0%,3
veakle,0,1,0%,5
bycekle,0,1,0%,6
python cdp,0,1,0%,6
ai to b,0,1,0%,7
中村有貴,0,1,0%,8
poccode,0,1,0%,9
beenle,0,1,0%,10
プロトタイプ poc,0,1,0%,11
使われない,0,1,0%,11
poc プロトタイプ,0,1,0%,17
システム開発 進捗管理,0,1,0%,17
プロジェクト 採算管理 導入 流れ,0,1,0%,19
システム開発プロジェクト管理,0,1,0%,24
cdp開発,0,1,0%,27
プロジェクト 進め方 わからない,0,1,0%,28
cdp 顧客データ基盤,0,1,0%,29
システム開発 一括見積,0,1,0%,29
bulma sass,0,1,0%,30
開発管理 とは,0,1,0%,37
プロジェクト管理 売上管理 導入 流れ,0,1,0%,40
顧客基盤とは,0,1,0%,47
ai 委託,0,1,0%,49
システム開発業 プロジェクト管理 事例,0,1,0%,49
プロジェクト工程管理,0,1,0%,49
開発 進め方,0,1,0%,50
開発プロジェクト,0,1,0%,52
プロジェクト 工程,0,1,0%,63
社内プロジェクト 進め方,0,1,0%,77
cdp事例,0,1,0%,86
開発 管理,0,1,0%,86
システム開発 失敗要因,0,1,0%,88
cdp 事例,0,1,0%,92
顧客 基盤 と は,0,1,0%,95
開発 失敗,0,1,0%,98
ai 開発 受託開発 メリット,0,1,0%,100